{
    "TcpListen": "0.0.0.0:6666",
    "WsListen": "0.0.0.0:8080",
    "FramePerSec": 60,
    "AICountPerWorld": 7,
    "AINames": [
        "Nothing-0-0-0-0-0",
        "NoMove-1-0-0-0-0",
        "Home-2-0-0-0-0",
        "Cloud-2-0-0-1-0",
        "Random-3-1-1-1-1",
        "Adv4-4-4-4-4-4",
        "Adv5-5-5-5-5-5"
    ],
    "MaxTcpClientPerWorld": 32,
    "MaxWsClientPerWorld": 32,
    "StartWorldCount": 1,
    "RemoveEmptyWorld": false,
    "SetTerrain": false,
    "TcpClientEncode": "gob",
    "WorldCube": {
        "Min": [
            -500,
            -15,
            -500
        ],
        "Max": [
            500,
            15,
            500
        ]
    },
    "WorldDiag": 1414.5317246354002,
    "WorldCube2": {
        "Min": [
            -600,
            -115,
            -600
        ],
        "Max": [
            600,
            115,
            600
        ]
    },
    "WorldDiag2": 1712.5711664044798,
    "APIncFrame": 10,
    "KillScore": 1,
    "ShieldCount": 8,
    "MaxObjectRadius": 15,
    "MinObjectRadius": 3,
    "MoveLimit": [
        0,
        100,
        200,
        300,
        200,
        600,
        600,
        100,
        0
    ],
    "Radius": [
        0,
        10,
        5,
        5,
        7,
        15,
        3,
        3,
        3
    ],
    "ObjSqd": [
        [
            0,
            0,
            0,
            0,
            0,
            0,
            0,
            0,
            0
        ],
        [
            0,
            400,
            225,
            225,
            289,
            625,
            169,
            169,
            169
        ],
        [
            0,
            225,
            100,
            100,
            144,
            400,
            64,
            64,
            64
        ],
        [
            0,
            225,
            100,
            100,
            144,
            400,
            64,
            64,
            64
        ],
        [
            0,
            289,
            144,
            144,
            196,
            484,
            100,
            100,
            100
        ],
        [
            0,
            625,
            400,
            400,
            484,
            900,
            324,
            324,
            324
        ],
        [
            0,
            169,
            64,
            64,
            100,
            324,
            36,
            36,
            36
        ],
        [
            0,
            169,
            64,
            64,
            100,
            324,
            36,
            36,
            36
        ],
        [
            0,
            169,
            64,
            64,
            100,
            324,
            36,
            36,
            36
        ]
    ],
    "IsInteract": [
        [
            false,
            false,
            false,
            false,
            false,
            false,
            false,
            false,
            false
        ],
        [
            false,
            true,
            true,
            true,
            true,
            true,
            false,
            false,
            true
        ],
        [
            false,
            true,
            true,
            true,
            true,
            true,
            false,
            false,
            true
        ],
        [
            false,
            true,
            true,
            true,
            true,
            true,
            false,
            false,
            true
        ],
        [
            false,
            true,
            true,
            false,
            true,
            true,
            false,
            false,
            true
        ],
        [
            false,
            true,
            true,
            false,
            true,
            true,
            false,
            false,
            true
        ],
        [
            false,
            false,
            false,
            false,
            false,
            false,
            false,
            false,
            false
        ],
        [
            false,
            false,
            false,
            false,
            false,
            false,
            false,
            false,
            false
        ],
        [
            false,
            false,
            false,
            false,
            false,
            false,
            false,
            false,
            false
        ]
    ],
    "NoInteract": [
        true,
        false,
        false,
        false,
        false,
        false,
        true,
        true,
        false
    ],
    "AP": [
        1,
        10,
        80,
        100,
        10
    ]
}